{
    "6593460.": {
        "bbc_title": "Михаил Подоляк: любой договоренности с Москвой нельзя доверять",
        "bbc_desc": "По мнению советника украинского президента, военное вторжение России в Украину можно остановить только силой",
        "bbc_date_time": "Май 28, 2022",
        "bbc_url": "https://www.golosameriki.com/a/ukrainian-negotiator-says-no-any-agreement-with-russia/6593460.html"
    },
    "6593445.": {
        "bbc_title": "Украина получила ракеты «Гарпун» из Дании и гаубицы из США",
        "bbc_desc": "О поставках новых западных вооружений Украине сообщил министр обороны страны Алексей Резников",
        "bbc_date_time": "Май 28, 2022",
        "bbc_url": "https://www.golosameriki.com/a/ukraine-received-new-artillery/6593445.html"
    },
    "6593396.": {
        "bbc_title": "В Херсонской области закрыли границу с подконтрольной Киеву территорией",
        "bbc_desc": "О поставках новых западных вооружений Украине сообщил министр обороны страны Алексей Резников",
        "bbc_date_time": "Май 28, 2022",
        "bbc_url": "https://www.golosameriki.com/a/kherson-region-border-is-closed/6593396.html"
    },
    "6592785.": {
        "bbc_title": "Грозит ли уголовный трибунал представителям российской власти",
        "bbc_desc": "В Вашингтонском центре Вудро Вильсона накануне обсуждали, осудят ли представителей режима за военные преступления, совершаемые российской армией в Украине.",
        "bbc_date_time": "Май 28, 2022",
        "bbc_url": "https://www.golosameriki.com/a/tribunal-for-putin/6592785.html"
    },
    "6592780.": {
        "bbc_title": "Стоит ли Киеву идти на территориальные уступки ради прекращения войны?",
        "bbc_desc": "«Становится все яснее: однозначного победителя не будет, единственный способ окончания войны в Украине – жесткие переговоры»",
        "bbc_date_time": "Май 28, 2022",
        "bbc_url": "https://www.golosameriki.com/a/experts-on-ukraine-russia-talks/6592780.html"
    },
    "6592882.": {
        "bbc_title": "Украинские беженцы в Молдове: «Нам очень помогают»",
        "bbc_desc": "«Мы решили, что после нашей победы мы обязательно возвращаемся домой», – говорят беженцы",
        "bbc_date_time": "Май 28, 2022",
        "bbc_url": "https://www.golosameriki.com/a/ukrainian-refugees-in-moldova/6592882.html"
    },
    "6592876.": {
        "bbc_title": "Украинские беженцы в Молдове: «После нашей победы мы обязательно вернемся домой»",
        "bbc_desc": "Граждане Украины, выехавшие из страны, с оптимизмом смотрят в будущее",
        "bbc_date_time": "Май 28, 2022",
        "bbc_url": "https://www.golosameriki.com/a/moldova-ukranian-refugees/6592876.html"
    },
    "6592859.": {
        "bbc_title": "Стоит ли Киеву идти на территориальные уступки ради прекращения войны?",
        "bbc_desc": "«Становится все яснее: однозначного победителя не будет, единственный способ окончания войны в Украине - жесткие переговоры»",
        "bbc_date_time": "Май 28, 2022",
        "bbc_url": "https://www.golosameriki.com/a/kissinger-ukraine-russia-possible-talks/6592859.html"
    },
    "6592049.": {
        "bbc_title": "Возможно ли победить «русского медведя»?",
        "bbc_desc": "Участники форума в литовском Тракае обсуждали эффективность экономических санкций и поддержку российского гражданского общества",
        "bbc_date_time": "Май 27, 2022",
        "bbc_url": "https://www.golosameriki.com/a/trakai-forum-second-day/6592049.html"
    },
    "6592763.": {
        "bbc_title": "Блинкен: президент Путин – явная и насущная угроза международному порядку",
        "bbc_desc": "По мнению главы американской дипломатии, Владимир Путин не добился ни одной из своих стратегических целей в Украине",
        "bbc_date_time": "Май 27, 2022",
        "bbc_url": "https://www.golosameriki.com/a/blinken-says-putin-is-obvious-threat-to-international-order/6592763.html"
    },
    "6592706.": {
        "bbc_title": "Блинкен и Кулеба обсудили вопросы обеспечения безопасности Украины",
        "bbc_desc": "Госсекретарь и глава МИД Украины отметили, что Кремль использует глобальный продовольственный кризис в качестве оружия против Украины и Запада",
        "bbc_date_time": "Май 27, 2022",
        "bbc_url": "https://www.golosameriki.com/a/blinken-and-kuleba-phone-talk/6592706.html"
    }
}